{
    "n":100,
    "velocity_noise": [0.0, 2.6, 0.0], 
    "bathy_mean_d": 3.8462293841188915,
    "gravity_mean_d": 0.8187528710147122, 
    "magnetic_mean_d": 6659.469906300802, 
    "bathy_std": 176.65703087715167, 
    "gravity_std": 1.3169904426499057, 
    "magnetic_std": 514.5428809962649, 
    "bathy_median_d": -2.661534719977226, 
    "gravity_median_d": 0.7458396457000642, 
    "magnetic_median_d": 6883.908681599989, 
    "cov": [0.016666666666666666, 0.016666666666666666, 0, 0.1, 0.1, 0]
}